vault,source,model,effort,seconds,turns,cost_usd,input,cache_write,cache_read,output,is_error
hz,yt-MH-IMJxbUY4,haiku,high,142,35,0.036,22,61817,511278,35852,False
yc,web-39f89fad2603,haiku,high,65,29,0.021,30,38698,593830,14232,False
yc,yt-Jcuqq48CNj8,haiku,high,238,41,0.107,30,94942,992101,58461,False
yc,yt-ZIaOBAjvc38,haiku,high,223,44,0.059,48,81225,1629020,52103,False
hz,yt-MH-IMJxbUY4,haiku,medium,151,48,0.054,86,60333,2511034,32743,False
yc,web-39f89fad2603,haiku,medium,40,17,0.015,32,27013,555635,7582,False
yc,yt-Jcuqq48CNj8,haiku,medium,97,27,0.026,24,46453,494724,22247,False
yc,yt-ZIaOBAjvc38,haiku,medium,128,41,0.035,30,64731,696007,30154,False
hz,yt-MH-IMJxbUY4,haiku,xhigh,301,44,0.18,46,104680,1871033,76211,False
yc,web-39f89fad2603,haiku,xhigh,115,38,0.032,36,51919,847068,25692,False
yc,yt-Jcuqq48CNj8,haiku,xhigh,396,53,0.266,38,130638,1672518,97643,False
yc,yt-ZIaOBAjvc38,haiku,xhigh,423,51,0.35,48,137817,2264692,102207,False
hz,yt-MH-IMJxbUY4,opus,high,180,41,0.985,30,51046,632243,22491,False
yc,web-39f89fad2603,opus,high,143,48,0.849,34,44797,675774,17742,False
yc,yt-Jcuqq48CNj8,opus,high,257,46,1.331,44,63149,1141507,29867,False
yc,yt-ZIaOBAjvc38,opus,high,386,62,1.997,60,83920,1893040,47341,False
hz,yt-MH-IMJxbUY4,opus,medium,171,27,0.912,24,46448,460454,22429,False
yc,web-39f89fad2603,opus,medium,81,23,0.552,24,33561,403698,10125,False
yc,yt-Jcuqq48CNj8,opus,medium,178,38,0.945,32,48267,670311,21217,False
yc,yt-ZIaOBAjvc38,opus,medium,188,39,1.0,28,53789,508576,23377,False
hz,yt-MH-IMJxbUY4,opus,xhigh,361,46,1.719,48,73115,1295659,43717,False
yc,web-39f89fad2603,opus,xhigh,277,41,1.234,36,59331,839266,29551,False
yc,yt-Jcuqq48CNj8,opus,xhigh,485,66,2.397,64,98456,2389958,56535,False
yc,yt-ZIaOBAjvc38,opus,xhigh,658,57,2.811,42,113479,1529484,79851,False
hz,yt-MH-IMJxbUY4,sonnet,high,157,30,0.548,34,53085,714758,26366,False
yc,web-39f89fad2603,sonnet,high,97,28,0.338,30,35298,539909,14257,False
yc,yt-Jcuqq48CNj8,sonnet,high,248,31,0.719,24,67793,552136,39217,False
yc,yt-ZIaOBAjvc38,sonnet,high,223,41,0.692,30,65494,723925,35765,False
hz,yt-MH-IMJxbUY4,sonnet,medium,86,23,0.349,22,39114,384115,15394,False
yc,web-39f89fad2603,sonnet,medium,51,22,0.228,24,27731,361578,8093,False
yc,yt-Jcuqq48CNj8,sonnet,medium,91,21,0.336,22,38009,396835,14370,False
yc,yt-ZIaOBAjvc38,sonnet,medium,146,35,0.501,28,52497,597737,23101,False
hz,yt-MH-IMJxbUY4,sonnet,xhigh,288,33,0.836,34,73057,850429,45840,False
yc,web-39f89fad2603,sonnet,xhigh,163,49,0.536,34,54704,727249,24440,False
yc,yt-Jcuqq48CNj8,sonnet,xhigh,565,68,1.607,50,128426,2435817,84949,False
yc,yt-ZIaOBAjvc38,sonnet,xhigh,548,72,1.534,58,121062,2217808,82818,False
